1/10/1915,,,,,
oct.,390,,"['oct.',390],",,"oct.,london"
london,249,,"['london',249],",,
melbourne,213,,"['melbourne',213],",,
court,113,,"['court',113],",,
friday,97,,"['friday',97],",,
thursday,96,,"['thursday',96],",,
shipping,80,,"['shipping',80],",,
wednesday,78,,"['wednesday',78],",,
justice,77,,"['justice',77],",,
sunday,73,,"['sunday',73],",,
herald,73,,"['herald',73],",,
editor,57,,"['editor',57],",,
monday,57,,"['monday',57],",,
tuesday,56,,"['tuesday',56],",,
front,56,,"['front',56],",,
newcastle,46,,"['newcastle',46],",,
state,44,,"['state',44],",,
district,40,,"['district',40],",,
wheat,39,,"['wheat',39],",,
brisbane,38,,"['brisbane',38],",,
report,37,,"['report',37],",,
to-day,35,,"['to-day',35],",,
australia,35,,"['australia',35],",,
judge,35,,"['judge',35],",,
land,34,,"['land',34],",,
sydney,34,,"['sydney',34],",,
jury,34,,"['jury',34],",,
appeal,32,,"['appeal',32],",,
enemy,32,,"['enemy',32],",,
mining,30,,"['mining',30],",,
october,29,,"['october',29],",,
zealand,29,,"['zealand',29],",,
balkans,28,,"['balkans',28],",,
saturday,27,,"['saturday',27],",,
south,26,,"['south',26],",,
campaign,26,,"['campaign',26],",,
death,26,,"['death',26],",,
fund,26,,"['fund',26],",,
federal,26,,"['federal',26],",,
hill,26,,"['hill',26],",,
wellington,26,,"['wellington',26],",,
concert,25,,"['concert',25],",,
chapter,24,,"['chapter',24],",,
society,23,,"['society',23],",,
news,23,,"['news',23],",,
trade,23,,"['trade',23],",,
quarter,22,,"['quarter',22],",,
farm,22,,"['farm',22],",,
soldiers,22,,"['soldiers',22],",,
telegraphic,22,,"['telegraphic',22],",,
sporting,21,,"['sporting',21],",,
adelaide,21,,"['adelaide',21],",,
german,21,,"['german',21],",,
germany,21,,"['germany',21],",,
broken,21,,"['broken',21],",,
britain,20,,"['britain',20],",,
paris,20,,"['paris',20],",,
theatre,20,,"['theatre',20],",,
recruiting,20,,"['recruiting',20],",,
bill,20,,"['bill',20],",,
market,19,,"['market',19],",,
government,18,,"['government',18],",,
club,18,,"['club',18],",,
australian,18,,"['australian',18],",,
morning,18,,"['morning',18],",,
york,18,,"['york',18],",,
steamers,18,,"['steamers',18],",,
commercial,18,,"['commercial',18],",,
meeting,18,,"['meeting',18],",,
station,18,,"['station',18],",,
statement,17,,"['statement',17],",,
servian,17,,"['servian',17],",,
financial,17,,"['financial',17],",,
wool,17,,"['wool',17],",,
perth,17,,"['perth',17],",,
turf,17,,"['turf',17],",,
council,16,,"['council',16],",,
success,16,,"['success',16],",,
raid,16,,"['raid',16],",,
summary,16,,"['summary',16],",,
railway,16,,"['railway',16],",,
home,16,,"['home',16],",,
from,16,,"['from',16],",,
personal,16,,"['personal',16],",,
baltic,16,,"['baltic',16],",,
gordon,16,,"['gordon',16],",,
gallipoli,16,,"['gallipoli',16],",,
session,15,,"['session',15],",,
bankruptcy,15,,"['bankruptcy',15],",,
position,15,,"['position',15],",,
week,15,,"['week',15],",,
victoria,15,,"['victoria',15],",,
income,15,,"['income',15],",,
fire,15,,"['fire',15],",,
chest,15,,"['chest',15],",,
service,15,,"['service',15],",,
company,15,,"['company',15],",,
hospital,15,,"['hospital',15],",,
minister,15,,"['minister',15],",,
servia,15,,"['servia',15],",,
,,,"['',],",,
,,,"['',],",,
1/11/1915,,,"['5784',],",,
nov.,588,,"['nov.',588],",,
london,415,,"['london',415],",,
melbourne,327,,"['melbourne',327],",,
court,222,,"['court',222],",,
justice,197,,"['justice',197],",,
wednesday,174,,"['wednesday',174],",,
monday,172,,"['monday',172],",,
herald,160,,"['herald',160],",,
tuesday,154,,"['tuesday',154],",,
shipping,144,,"['shipping',144],",,
friday,134,,"['friday',134],",,
editor,132,,"['editor',132],",,
thursday,129,,"['thursday',129],",,
sunday,121,,"['sunday',121],",,
newcastle,116,,"['newcastle',116],",,
sydney,86,,"['sydney',86],",,
wheat,84,,"['wheat',84],",,
november,75,,"['november',75],",,
front,65,,"['front',65],",,
district,62,,"['district',62],",,
state,62,,"['state',62],",,
oct.,61,,"['oct.',61],",,
brisbane,61,,"['brisbane',61],",,
to-day,59,,"['to-day',59],",,
trade,59,,"['trade',59],",,
australia,56,,"['australia',56],",,
report,56,,"['report',56],",,
judge,56,,"['judge',56],",,
land,55,,"['land',55],",,
zealand,54,,"['zealand',54],",,
wellington,51,,"['wellington',51],",,
enemy,49,,"['enemy',49],",,
jury,48,,"['jury',48],",,
scheme,48,,"['scheme',48],",,
appeal,48,,"['appeal',48],",,
australian,46,,"['australian',46],",,
death,46,,"['death',46],",,
telegraphic,45,,"['telegraphic',45],",,
recruiting,44,,"['recruiting',44],",,
federal,44,,"['federal',44],",,
society,44,,"['society',44],",,
balkans,44,,"['balkans',44],",,
quarter,43,,"['quarter',43],",,
concert,43,,"['concert',43],",,
south,41,,"['south',41],",,
chapter,41,,"['chapter',41],",,
mining,39,,"['mining',39],",,
hill,39,,"['hill',39],",,
saturday,39,,"['saturday',39],",,
fund,38,,"['fund',38],",,
chief,38,,"['chief',38],",,
bill,38,,"['bill',38],",,
steamer,37,,"['steamer',37],",,
paris,37,,"['paris',37],",,
german,37,,"['german',37],",,
city,36,,"['city',36],",,
greece,36,,"['greece',36],",,
week,36,,"['week',36],",,
news,36,,"['news',36],",,
service,35,,"['service',35],",,
market,35,,"['market',35],",,
supreme,34,,"['supreme',34],",,
campaign,34,,"['campaign',34],",,
gallipoli,34,,"['gallipoli',34],",,
recital,34,,"['recital',34],",,
march,34,,"['march',34],",,
station,34,,"['station',34],",,
club,34,,"['club',34],",,
adelaide,33,,"['adelaide',33],",,
labour,33,,"['labour',33],",,
soldiers,33,,"['soldiers',33],",,
morning,33,,"['morning',33],",,
premier,32,,"['premier',32],",,
water,32,,"['water',32],",,
sporting,31,,"['sporting',31],",,
fire,31,,"['fire',31],",,
perth,31,,"['perth',31],",,
financial,31,,"['financial',31],",,
farm,31,,"['farm',31],",,
coast,30,,"['coast',30],",,
meeting,30,,"['meeting',30],",,
broken,30,,"['broken',30],",,
n.z.,29,,"['n.z.',29],",,
council,29,,"['council',29],",,
reporter,29,,"['reporter',29],",,
north,29,,"['north',29],",,
from,29,,"['from',29],",,
soldier,29,,"['soldier',29],",,
house,29,,"['house',29],",,
lord,28,,"['lord',28],",,
personal,28,,"['personal',28],",,
railway,28,,"['railway',28],",,
action,28,,"['action',28],",,
lithgow,28,,"['lithgow',28],",,
king,27,,"['king',27],",,
annexation,27,,"['annexation',27],",,
summary,27,,"['summary',27],",,
hospital,27,,"['hospital',27],",,
york,27,,"['york',27],",,
income,27,,"['income',27],",,
,,,"['',],",,
,,,"['',],",,
1/12/1916,,,"['6180',],",,
dec.,623,,"['dec.',623],",,
london,444,,"['london',444],",,
melbourne,318,,"['melbourne',318],",,
court,247,,"['court',247],",,
wednesday,194,,"['wednesday',194],",,
justice,171,,"['justice',171],",,
thursday,169,,"['thursday',169],",,
herald,152,,"['herald',152],",,
shipping,151,,"['shipping',151],",,
friday,147,,"['friday',147],",,
tuesday,146,,"['tuesday',146],",,
editor,122,,"['editor',122],",,
monday,105,,"['monday',105],",,
sunday,97,,"['sunday',97],",,
jury,88,,"['jury',88],",,
wheat,85,,"['wheat',85],",,
newcastle,84,,"['newcastle',84],",,
sydney,76,,"['sydney',76],",,
brisbane,68,,"['brisbane',68],",,
december,67,,"['december',67],",,
enemy,67,,"['enemy',67],",,
australia,63,,"['australia',63],",,
appeal,59,,"['appeal',59],",,
christmas,59,,"['christmas',59],",,
nov.,59,,"['nov.',59],",,
recruiting,58,,"['recruiting',58],",,
land,58,,"['land',58],",,
front,56,,"['front',56],",,
district,56,,"['district',56],",,
state,55,,"['state',55],",,
death,54,,"['death',54],",,
trade,54,,"['trade',54],",,
scheme,52,,"['scheme',52],",,
to-day,49,,"['to-day',49],",,
judge,47,,"['judge',47],",,
zealand,47,,"['zealand',47],",,
mining,46,,"['mining',46],",,
society,45,,"['society',45],",,
australian,44,,"['australian',44],",,
report,43,,"['report',43],",,
south,42,,"['south',42],",,
wellington,42,,"['wellington',42],",,
hill,41,,"['hill',41],",,
chapter,41,,"['chapter',41],",,
minister,41,,"['minister',41],",,
club,40,,"['club',40],",,
telegraphic,40,,"['telegraphic',40],",,
supreme,40,,"['supreme',40],",,
soldier,39,,"['soldier',39],",,
service,38,,"['service',38],",,
steamer,37,,"['steamer',37],",,
germany,37,,"['germany',37],",,
balkans,37,,"['balkans',37],",,
german,37,,"['german',37],",,
broken,37,,"['broken',37],",,
meeting,36,,"['meeting',36],",,
quarter,36,,"['quarter',36],",,
perth,35,,"['perth',35],",,
lord,35,,"['lord',35],",,
station,35,,"['station',35],",,
soldiers,34,,"['soldiers',34],",,
council,33,,"['council',33],",,
school,33,,"['school',33],",,
commercial,32,,"['commercial',32],",,
railway,32,,"['railway',32],",,
news,32,,"['news',32],",,
chief,32,,"['chief',32],",,
peace,31,,"['peace',31],",,
morning,31,,"['morning',31],",,
king,30,,"['king',30],",,
hospital,30,,"['hospital',30],",,
adelaide,30,,"['adelaide',30],",,
from,30,,"['from',30],",,
saturday,30,,"['saturday',30],",,
company,30,,"['company',30],",,
butter,30,,"['butter',30],",,
amsterdam,29,,"['amsterdam',29],",,
queensland,29,,"['queensland',29],",,
city,29,,"['city',29],",,
motor,29,,"['motor',29],",,
gallipoli,29,,"['gallipoli',29],",,
farm,28,,"['farm',28],",,
speech,28,,"['speech',28],",,
turf,28,,"['turf',28],",,
labour,28,,"['labour',28],",,
bill,28,,"['bill',28],",,
recital,28,,"['recital',28],",,
position,27,,"['position',27],",,
sporting,27,,"['sporting',27],",,
week,27,,"['week',27],",,
concert,27,,"['concert',27],",,
summary,27,,"['summary',27],",,
n.z.,26,,"['n.z.',26],",,
financial,26,,"['financial',26],",,
paris,26,,"['paris',26],",,
personal,26,,"['personal',26],",,
federal,26,,"['federal',26],",,
market,25,,"['market',25],",,
action,25,,"['action',25],",,
steamers,25,,"['steamers',25],",,
,,,"['',],",,
,,,"['',],",,
28/12/1942,,,"['15703',],",,
correspondent,158,,"['correspondent',158],",,
staff,127,,"['staff',127],",,
news,73,,"['news',73],",,
u.s.,51,,"['u.s.',51],",,
army,47,,"['army',47],",,
enemy,36,,"['enemy',36],",,
women,29,,"['women',29],",,
home,28,,"['home',28],",,
sydney,28,,"['sydney',28],",,
herald,28,,"['herald',28],",,
a.a.p.,27,,"['a.a.p.',27],",,
australia,27,,"['australia',27],",,
inquiry,25,,"['inquiry',25],",,
land,24,,"['land',24],",,
raid,22,,"['raid',22],",,
turf,21,,"['turf',21],",,
tunisia,21,,"['tunisia',21],",,
south,21,,"['south',21],",,
year,19,,"['year',19],",,
attack,19,,"['attack',19],",,
axis,19,,"['axis',19],",,
oversea,19,,"['oversea',19],",,
r.a.a.f.,18,,"['r.a.a.f.',18],",,
africa,18,,"['africa',18],",,
a.i.f.,18,,"['a.i.f.',18],",,
north,18,,"['north',18],",,
caucasus,17,,"['caucasus',17],",,
man-power,16,,"['man-power',16],",,
plan,16,,"['plan',16],",,
nazi,16,,"['nazi',16],",,
guinea,16,,"['guinea',16],",,
editor,16,,"['editor',16],",,
case,15,,"['case',15],",,
burma,15,,"['burma',15],",,
britain,15,,"['britain',15],",,
russian,15,,"['russian',15],",,
service,15,,"['service',15],",,
morning,15,,"['morning',15],",,
jan.,14,,"['jan.',14],",,
victory,14,,"['victory',14],",,
australian,14,,"['australian',14],",,
first,13,,"['first',13],",,
strike,13,,"['strike',13],",,
minister,13,,"['minister',13],",,
food,12,,"['food',12],",,
papua,12,,"['papua',12],",,
coal,12,,"['coal',12],",,
offensive,12,,"['offensive',12],",,
conference,12,,"['conference',12],",,
libya,12,,"['libya',12],",,
boxing,12,,"['boxing',12],",,
american,12,,"['american',12],",,
girl,11,,"['girl',11],",,
threat,11,,"['threat',11],",,
nazis,11,,"['nazis',11],",,
japan,11,,"['japan',11],",,
fever,11,,"['fever',11],",,
curtin,11,,"['curtin',11],",,
control,11,,"['control',11],",,
absenteeism,11,,"['absenteeism',11],",,
success,11,,"['success',11],",,
hitler,11,,"['hitler',11],",,
london,11,,"['london',11],",,
officer,11,,"['officer',11],",,
battle,11,,"['battle',11],",,
view,10,,"['view',10],",,
russia,10,,"['russia',10],",,
soviet,10,,"['soviet',10],",,
timor,10,,"['timor',10],",,
week,10,,"['week',10],",,
ship,10,,"['ship',10],",,
shortage,10,,"['shortage',10],",,
action,10,,"['action',10],",,
fight,10,,"['fight',10],",,
roosevelt,10,,"['roosevelt',10],",,
china,10,,"['china',10],",,
sailing,9,,"['sailing',9],",,
pacific,9,,"['pacific',9],",,
milk,9,,"['milk',9],",,
labour,9,,"['labour',9],",,
review,9,,"['review',9],",,
dead,9,,"['dead',9],",,
campaign,9,,"['campaign',9],",,
advance,9,,"['advance',9],",,
report,9,,"['report',9],",,
base,9,,"['base',9],",,
charles,9,,"['charles',9],",,
buttrose,9,,"['buttrose',9],",,
decision,9,,"['decision',9],",,
u.s.a.,9,,"['u.s.a.',9],",,
death,9,,"['death',9],",,
policy,9,,"['policy',9],",,
company,9,,"['company',9],",,
militia,8,,"['militia',8],",,
defence,8,,"['defence',8],",,
rabaul,8,,"['rabaul',8],",,
buna,8,,"['buna',8],",,
record,8,,"['record',8],",,
convoy,8,,"['convoy',8],",,
german,8,,"['german',8],",,
,,,"['',],",,
28/02/1943,,,"['15765',],",,
correspondent,72,,"['correspondent',72],",,
staff,70,,"['staff',70],",,
news,38,,"['news',38],",,
army,29,,"['army',29],",,
u.s.,28,,"['u.s.',28],",,
a.a.p.,23,,"['a.a.p.',23],",,
control,20,,"['control',20],",,
sydney,19,,"['sydney',19],",,
loan,18,,"['loan',18],",,
women,18,,"['women',18],",,
herald,17,,"['herald',17],",,
appeal,15,,"['appeal',15],",,
pacific,15,,"['pacific',15],",,
minister,14,,"['minister',14],",,
bill,14,,"['bill',14],",,
march,14,,"['march',14],",,
land,14,,"['land',14],",,
mareth,13,,"['mareth',13],",,
attack,13,,"['attack',13],",,
australia,13,,"['australia',13],",,
battle,13,,"['battle',13],",,
home,13,,"['home',13],",,
tunisia,12,,"['tunisia',12],",,
line,12,,"['line',12],",,
u.s.a.,11,,"['u.s.a.',11],",,
plan,11,,"['plan',11],",,
raid,11,,"['raid',11],",,
burma,10,,"['burma',10],",,
enemy,10,,"['enemy',10],",,
food,10,,"['food',10],",,
soviet,10,,"['soviet',10],",,
bread,10,,"['bread',10],",,
north,10,,"['north',10],",,
gold,10,,"['gold',10],",,
oversea,10,,"['oversea',10],",,
britain,10,,"['britain',10],",,
editor,10,,"['editor',10],",,
r.a.f.,9,,"['r.a.f.',9],",,
turf,9,,"['turf',9],",,
rugby,9,,"['rugby',9],",,
league,9,,"['league',9],",,
union,9,,"['union',9],",,
curtin,8,,"['curtin',8],",,
sport,8,,"['sport',8],",,
action,8,,"['action',8],",,
morning,8,,"['morning',8],",,
service,8,,"['service',8],",,
opposition,8,,"['opposition',8],",,
threat,8,,"['threat',8],",,
government,8,,"['government',8],",,
division,8,,"['division',8],",,
milk,8,,"['milk',8],",,
ship,8,,"['ship',8],",,
first,8,,"['first',8],",,
police,8,,"['police',8],",,
position,8,,"['position',8],",,
increase,8,,"['increase',8],",,
u-boat,7,,"['u-boat',7],",,
preference,7,,"['preference',7],",,
donets,7,,"['donets',7],",,
death,7,,"['death',7],",,
success,7,,"['success',7],",,
federal,7,,"['federal',7],",,
berlin,7,,"['berlin',7],",,
churchill,7,,"['churchill',7],",,
hughes,7,,"['hughes',7],",,
speech,7,,"['speech',7],",,
vice-regal,7,,"['vice-regal',7],",,
film,7,,"['film',7],",,
nazi,7,,"['nazi',7],",,
boxing,7,,"['boxing',7],",,
view,7,,"['view',7],",,
supply,7,,"['supply',7],",,
general,6,,"['general',6],",,
senate,6,,"['senate',6],",,
dispute,6,,"['dispute',6],",,
war-time,6,,"['war-time',6],",,
front,6,,"['front',6],",,
order,6,,"['order',6],",,
city,6,,"['city',6],",,
judge,6,,"['judge',6],",,
r.a.a.f.,6,,"['r.a.a.f.',6],",,
advance,6,,"['advance',6],",,
russia,6,,"['russia',6],",,
premier,6,,"['premier',6],",,
russian,6,,"['russian',6],",,
american,6,,"['american',6],",,
council,6,,"['council',6],",,
area,6,,"['area',6],",,
court,6,,"['court',6],",,
return,6,,"['return',6],",,
post-war,6,,"['post-war',6],",,
season,6,,"['season',6],",,
survey,5,,"['survey',5],",,
warning,5,,"['warning',5],",,
charge,5,,"['charge',5],",,
board,5,,"['board',5],",,
allied,5,,"['allied',5],",,
output,5,,"['output',5],",,
japan,5,,"['japan',5],",,
,,,"['',],",,
30/03/1943,,,"['15795',],",,
correspondent,162,,"['correspondent',162],",,
staff,148,,"['staff',148],",,
news,93,,"['news',93],",,
u.s.,57,,"['u.s.',57],",,
army,56,,"['army',56],",,
raid,40,,"['raid',40],",,
herald,36,,"['herald',36],",,
loan,33,,"['loan',33],",,
land,33,,"['land',33],",,
plan,33,,"['plan',33],",,
sydney,33,,"['sydney',33],",,
women,32,,"['women',32],",,
a.a.p.,32,,"['a.a.p.',32],",,
tunisia,30,,"['tunisia',30],",,
north,27,,"['north',27],",,
pacific,26,,"['pacific',26],",,
britain,25,,"['britain',25],",,
union,25,,"['union',25],",,
home,25,,"['home',25],",,
first,25,,"['first',25],",,
oversea,24,,"['oversea',24],",,
control,24,,"['control',24],",,
enemy,24,,"['enemy',24],",,
strike,24,,"['strike',24],",,
appeal,23,,"['appeal',23],",,
axis,23,,"['axis',23],",,
price,22,,"['price',22],",,
food,22,,"['food',22],",,
turf,21,,"['turf',21],",,
bill,20,,"['bill',20],",,
u.s.a.,19,,"['u.s.a.',19],",,
rugby,19,,"['rugby',19],",,
april,19,,"['april',19],",,
morning,19,,"['morning',19],",,
editor,19,,"['editor',19],",,
minister,18,,"['minister',18],",,
service,18,,"['service',18],",,
r.a.f.,18,,"['r.a.f.',18],",,
city,17,,"['city',17],",,
vice-regal,17,,"['vice-regal',17],",,
club,17,,"['club',17],",,
japan,17,,"['japan',17],",,
sport,17,,"['sport',17],",,
march,16,,"['march',16],",,
burma,16,,"['burma',16],",,
australian,16,,"['australian',16],",,
to-day,15,,"['to-day',15],",,
ship,15,,"['ship',15],",,
threat,15,,"['threat',15],",,
raids,15,,"['raids',15],",,
attack,14,,"['attack',14],",,
man-power,14,,"['man-power',14],",,
rommel,14,,"['rommel',14],",,
nazi,14,,"['nazi',14],",,
religion,13,,"['religion',13],",,
inquiry,13,,"['inquiry',13],",,
russia,13,,"['russia',13],",,
report,13,,"['report',13],",,
fight,13,,"['fight',13],",,
labour,13,,"['labour',13],",,
industry,13,,"['industry',13],",,
board,13,,"['board',13],",,
warning,13,,"['warning',13],",,
u.a.p.,13,,"['u.a.p.',13],",,
c.c.c.,13,,"['c.c.c.',13],",,
berlin,13,,"['berlin',13],",,
brief,13,,"['brief',13],",,
court,12,,"['court',12],",,
death,12,,"['death',12],",,
r.a.a.f.,12,,"['r.a.a.f.',12],",,
dispute,12,,"['dispute',12],",,
policy,12,,"['policy',12],",,
australia,12,,"['australia',12],",,
decision,12,,"['decision',12],",,
police,12,,"['police',12],",,
attacks,12,,"['attacks',12],",,
view,11,,"['view',11],",,
line,11,,"['line',11],",,
reply,11,,"['reply',11],",,
navy,11,,"['navy',11],",,
week,11,,"['week',11],",,
action,11,,"['action',11],",,
charge,11,,"['charge',11],",,
dead,11,,"['dead',11],",,
case,11,,"['case',11],",,
council,11,,"['council',11],",,
world,10,,"['world',10],",,
hughes,10,,"['hughes',10],",,
front,10,,"['front',10],",,
public,10,,"['public',10],",,
curtin,10,,"['curtin',10],",,
shortage,10,,"['shortage',10],",,
n.s.w.,10,,"['n.s.w.',10],",,
division,10,,"['division',10],",,
boxing,10,,"['boxing',10],",,
evatt,10,,"['evatt',10],",,
conference,10,,"['conference',10],",,
wheat,10,,"['wheat',10],",,
battle,10,,"['battle',10],",,
soccer,10,,"['soccer',10],",,
,,,"['',],",,
30/05/1943,,,"['15856',],",,
correspondent,92,,"['correspondent',92],",,
staff,78,,"['staff',78],",,
news,54,,"['news',54],",,
u.s.,44,,"['u.s.',44],",,
army,26,,"['army',26],",,
sydney,26,,"['sydney',26],",,
conference,23,,"['conference',23],",,
curtin,21,,"['curtin',21],",,
food,21,,"['food',21],",,
home,20,,"['home',20],",,
herald,20,,"['herald',20],",,
land,19,,"['land',19],",,
plan,18,,"['plan',18],",,
labour,18,,"['labour',18],",,
britain,18,,"['britain',18],",,
oversea,17,,"['oversea',17],",,
enemy,17,,"['enemy',17],",,
u.s.a.,17,,"['u.s.a.',17],",,
rugby,17,,"['rugby',17],",,
women,17,,"['women',17],",,
strike,16,,"['strike',16],",,
union,16,,"['union',16],",,
pacific,16,,"['pacific',16],",,
pantellaria,16,,"['pantellaria',16],",,
control,15,,"['control',15],",,
city,15,,"['city',15],",,
n.z.,14,,"['n.z.',14],",,
raid,14,,"['raid',14],",,
invasion,14,,"['invasion',14],",,
ration,14,,"['ration',14],",,
policy,14,,"['policy',14],",,
butter,13,,"['butter',13],",,
editor,13,,"['editor',13],",,
production,13,,"['production',13],",,
june,12,,"['june',12],",,
league,12,,"['league',12],",,
vice-regal,12,,"['vice-regal',12],",,
russia,12,,"['russia',12],",,
australian,12,,"['australian',12],",,
r.a.a.f.,12,,"['r.a.a.f.',12],",,
morning,11,,"['morning',11],",,
minister,11,,"['minister',11],",,
rationing,11,,"['rationing',11],",,
report,10,,"['report',10],",,
service,10,,"['service',10],",,
view,10,,"['view',10],",,
w.e.a.,10,,"['w.e.a.',10],",,
australia,10,,"['australia',10],",,
axis,10,,"['axis',10],",,
death,10,,"['death',10],",,
train,10,,"['train',10],",,
raids,10,,"['raids',10],",,
r.a.f.,10,,"['r.a.f.',10],",,
world,9,,"['world',9],",,
north,9,,"['north',9],",,
attack,9,,"['attack',9],",,
a.a.p.,9,,"['a.a.p.',9],",,
turf,9,,"['turf',9],",,
bomber,9,,"['bomber',9],",,
power,9,,"['power',9],",,
brisbane,9,,"['brisbane',9],",,
order,9,,"['order',9],",,
club,9,,"['club',9],",,
shortage,9,,"['shortage',9],",,
wool,9,,"['wool',9],",,
burma,8,,"['burma',8],",,
toll,8,,"['toll',8],",,
churchill,8,,"['churchill',8],",,
battle,8,,"['battle',8],",,
meat,8,,"['meat',8],",,
a.l.p.,8,,"['a.l.p.',8],",,
american,8,,"['american',8],",,
germany,8,,"['germany',8],",,
reply,8,,"['reply',8],",,
boxing,8,,"['boxing',8],",,
china,8,,"['china',8],",,
algiers,8,,"['algiers',8],",,
state,7,,"['state',7],",,
warning,7,,"['warning',7],",,
expected,7,,"['expected',7],",,
to-day,7,,"['to-day',7],",,
bill,7,,"['bill',7],",,
unity,7,,"['unity',7],",,
defence,7,,"['defence',7],",,
visit,7,,"['visit',7],",,
country,7,,"['country',7],",,
german,7,,"['german',7],",,
birthday,7,,"['birthday',7],",,
welfare,7,,"['welfare',7],",,
brief,7,,"['brief',7],",,
supply,7,,"['supply',7],",,
king,7,,"['king',7],",,
council,7,,"['council',7],",,
naval,7,,"['naval',7],",,
change,7,,"['change',7],",,
coal,7,,"['coal',7],",,
threat,7,,"['threat',7],",,
line,7,,"['line',7],",,
attacks,7,,"['attacks',7],",,
front,6,,"['front',6],",,
,,,"['',],",,
,,,"['',],",,
30/07/1943,,,"['15917',],",,
correspondent,183,,"['correspondent',183],",,
staff,145,,"['staff',145],",,
news,84,,"['news',84],",,
u.s.,42,,"['u.s.',42],",,
sydney,41,,"['sydney',41],",,
a.a.p.,40,,"['a.a.p.',40],",,
herald,31,,"['herald',31],",,
oversea,29,,"['oversea',29],",,
women,29,,"['women',29],",,
home,28,,"['home',28],",,
enemy,27,,"['enemy',27],",,
raid,25,,"['raid',25],",,
sicily,24,,"['sicily',24],",,
kharkov,23,,"['kharkov',23],",,
election,23,,"['election',23],",,
fadden,22,,"['fadden',22],",,
britain,22,,"['britain',22],",,
plan,22,,"['plan',22],",,
union,22,,"['union',22],",,
curtin,22,,"['curtin',22],",,
italy,21,,"['italy',21],",,
land,21,,"['land',21],",,
guinea,20,,"['guinea',20],",,
city,20,,"['city',20],",,
soviet,20,,"['soviet',20],",,
nazi,19,,"['nazi',19],",,
attack,19,,"['attack',19],",,
japan,18,,"['japan',18],",,
morning,18,,"['morning',18],",,
labour,18,,"['labour',18],",,
rugby,18,,"['rugby',18],",,
pacific,17,,"['pacific',17],",,
august,17,,"['august',17],",,
minister,17,,"['minister',17],",,
editor,17,,"['editor',17],",,
threat,17,,"['threat',17],",,
service,17,,"['service',17],",,
r.a.a.f.,16,,"['r.a.a.f.',16],",,
turf,16,,"['turf',16],",,
vice-regal,16,,"['vice-regal',16],",,
death,16,,"['death',16],",,
quebec,16,,"['quebec',16],",,
churchill,15,,"['churchill',15],",,
army,15,,"['army',15],",,
state,14,,"['state',14],",,
u.s.a.,14,,"['u.s.a.',14],",,
australia,14,,"['australia',14],",,
evatt,14,,"['evatt',14],",,
burma,14,,"['burma',14],",,
club,14,,"['club',14],",,
russia,14,,"['russia',14],",,
control,13,,"['control',13],",,
roosevelt,13,,"['roosevelt',13],",,
allied,13,,"['allied',13],",,
court,13,,"['court',13],",,
view,13,,"['view',13],",,
hospital,13,,"['hospital',13],",,
officer,13,,"['officer',13],",,
report,12,,"['report',12],",,
campaign,12,,"['campaign',12],",,
north,12,,"['north',12],",,
front,12,,"['front',12],",,
government,12,,"['government',12],",,
league,12,,"['league',12],",,
london,12,,"['london',12],",,
record,12,,"['record',12],",,
national,12,,"['national',12],",,
coal,12,,"['coal',12],",,
charge,12,,"['charge',12],",,
appeal,12,,"['appeal',12],",,
bomber,11,,"['bomber',11],",,
radio,11,,"['radio',11],",,
police,11,,"['police',11],",,
council,11,,"['council',11],",,
food,11,,"['food',11],",,
berlin,11,,"['berlin',11],",,
shortage,11,,"['shortage',11],",,
german,11,,"['german',11],",,
vote,11,,"['vote',11],",,
policy,11,,"['policy',11],",,
plane,11,,"['plane',11],",,
action,11,,"['action',11],",,
offensive,11,,"['offensive',11],",,
dead,11,,"['dead',11],",,
europe,11,,"['europe',11],",,
n.s.w.,11,,"['n.s.w.',11],",,
profit,11,,"['profit',11],",,
peace,10,,"['peace',10],",,
russian,10,,"['russian',10],",,
american,10,,"['american',10],",,
n.z.,10,,"['n.z.',10],",,
south,10,,"['south',10],",,
raids,10,,"['raids',10],",,
soldier,10,,"['soldier',10],",,
fight,10,,"['fight',10],",,
daylight,10,,"['daylight',10],",,
week,10,,"['week',10],",,
first,10,,"['first',10],",,
salamaua,10,,"['salamaua',10],",,
order,10,,"['order',10],",,
,,,"['',],",,
30/08/1943,,,"['15948',],",,
correspondent,32,,"['correspondent',32],",,
staff,25,,"['staff',25],",,
news,24,,"['news',24],",,
loan,11,,"['loan',11],",,
u.s.,10,,"['u.s.',10],",,
plan,9,,"['plan',9],",,
oversea,9,,"['oversea',9],",,
herald,8,,"['herald',8],",,
dispute,8,,"['dispute',8],",,
sydney,8,,"['sydney',8],",,
women,8,,"['women',8],",,
service,7,,"['service',7],",,
roosevelt,7,,"['roosevelt',7],",,
record,7,,"['record',7],",,
nazi,6,,"['nazi',6],",,
first,6,,"['first',6],",,
mrs.,6,,"['mrs.',6],",,
pacific,6,,"['pacific',6],",,
union,5,,"['union',5],",,
london,5,,"['london',5],",,
morning,5,,"['morning',5],",,
turf,5,,"['turf',5],",,
denmark,5,,"['denmark',5],",,
meeting,5,,"['meeting',5],",,
rail,5,,"['rail',5],",,
fight,5,,"['fight',5],",,
council,5,,"['council',5],",,
a.a.p.,5,,"['a.a.p.',5],",,
guinea,5,,"['guinea',5],",,
army,5,,"['army',5],",,
south,5,,"['south',5],",,
budget,5,,"['budget',5],",,
land,5,,"['land',5],",,
home,5,,"['home',5],",,
school,5,,"['school',5],",,
club,5,,"['club',5],",,
judge,5,,"['judge',5],",,
editor,5,,"['editor',5],",,
control,5,,"['control',5],",,
profit,5,,"['profit',5],",,
election,5,,"['election',5],",,
warning,4,,"['warning',4],",,
charge,4,,"['charge',4],",,
taganrog,4,,"['taganrog',4],",,
italy,4,,"['italy',4],",,
raid,4,,"['raid',4],",,
soviet,4,,"['soviet',4],",,
city,4,,"['city',4],",,
saturday,4,,"['saturday',4],",,
mine,4,,"['mine',4],",,
australia,4,,"['australia',4],",,
strike,4,,"['strike',4],",,
russia,4,,"['russia',4],",,
nazis,4,,"['nazis',4],",,
beef,4,,"['beef',4],",,
r.a.a.f.,4,,"['r.a.a.f.',4],",,
daylight,4,,"['daylight',4],",,
bomber,4,,"['bomber',4],",,
king,4,,"['king',4],",,
airman,3,,"['airman',3],",,
assurance,3,,"['assurance',3],",,
plane,3,,"['plane',3],",,
industry,3,,"['industry',3],",,
sunday,3,,"['sunday',3],",,
view,3,,"['view',3],",,
coal,3,,"['coal',3],",,
japan,3,,"['japan',3],",,
fighting,3,,"['fighting',3],",,
sentence,3,,"['sentence',3],",,
vice-regal,3,,"['vice-regal',3],",,
police,3,,"['police',3],",,
board,3,,"['board',3],",,
attack,3,,"['attack',3],",,
landing,3,,"['landing',3],",,
u.s.a.,3,,"['u.s.a.',3],",,
crew,3,,"['crew',3],",,
ration,3,,"['ration',3],",,
boris,3,,"['boris',3],",,
death,3,,"['death',3],",,
revolt,3,,"['revolt',3],",,
railway,3,,"['railway',3],",,
german,3,,"['german',3],",,
p.m.g.,3,,"['p.m.g.',3],",,
committee,3,,"['committee',3],",,
production,3,,"['production',3],",,
australian,3,,"['australian',3],",,
rugby,3,,"['rugby',3],",,
curtin,3,,"['curtin',3],",,
part,3,,"['part',3],",,
wool,3,,"['wool',3],",,
w.a.a.a.f.,3,,"['w.a.a.a.f.',3],",,
link,3,,"['link',3],",,
sept.,3,,"['sept.',3],",,
federal,3,,"['federal',3],",,
shortage,3,,"['shortage',3],",,
year,3,,"['year',3],",,
quota,3,,"['quota',3],",,
expected,3,,"['expected',3],",,
naples,3,,"['naples',3],",,
to-day,3,,"['to-day',3],",,
,,,"['',],",,
30/09/1943,,,"['15979',],",,
correspondent,125,,"['correspondent',125],",,
staff,124,,"['staff',124],",,
news,106,,"['news',106],",,
u.s.,57,,"['u.s.',57],",,
army,51,,"['army',51],",,
sydney,44,,"['sydney',44],",,
a.a.p.,43,,"['a.a.p.',43],",,
enemy,42,,"['enemy',42],",,
herald,37,,"['herald',37],",,
loan,34,,"['loan',34],",,
women,34,,"['women',34],",,
oversea,33,,"['oversea',33],",,
land,32,,"['land',32],",,
coal,32,,"['coal',32],",,
home,29,,"['home',29],",,
raid,28,,"['raid',28],",,
plan,28,,"['plan',28],",,
battle,27,,"['battle',27],",,
italy,24,,"['italy',24],",,
strike,24,,"['strike',24],",,
pacific,22,,"['pacific',22],",,
curtin,22,,"['curtin',22],",,
u.s.a.,21,,"['u.s.a.',21],",,
vice-regal,20,,"['vice-regal',20],",,
turf,20,,"['turf',20],",,
morning,20,,"['morning',20],",,
empire,19,,"['empire',19],",,
editor,19,,"['editor',19],",,
labour,19,,"['labour',19],",,
russia,19,,"['russia',19],",,
britain,19,,"['britain',19],",,
london,19,,"['london',19],",,
c.c.c.,18,,"['c.c.c.',18],",,
dnieper,18,,"['dnieper',18],",,
nazi,18,,"['nazi',18],",,
attack,17,,"['attack',17],",,
state,17,,"['state',17],",,
october,17,,"['october',17],",,
profit,17,,"['profit',17],",,
minister,17,,"['minister',17],",,
australia,17,,"['australia',17],",,
city,16,,"['city',16],",,
guinea,16,,"['guinea',16],",,
australian,16,,"['australian',16],",,
service,16,,"['service',16],",,
policy,16,,"['policy',16],",,
death,16,,"['death',16],",,
dead,16,,"['dead',16],",,
first,15,,"['first',15],",,
government,15,,"['government',15],",,
meat,15,,"['meat',15],",,
line,15,,"['line',15],",,
market,14,,"['market',14],",,
boxing,14,,"['boxing',14],",,
charge,14,,"['charge',14],",,
appeal,14,,"['appeal',14],",,
peace,14,,"['peace',14],",,
japan,14,,"['japan',14],",,
fighting,14,,"['fighting',14],",,
n.s.w.,14,,"['n.s.w.',14],",,
nazis,13,,"['nazis',13],",,
union,13,,"['union',13],",,
airman,13,,"['airman',13],",,
world,13,,"['world',13],",,
volturno,13,,"['volturno',13],",,
shortage,13,,"['shortage',13],",,
record,13,,"['record',13],",,
report,13,,"['report',13],",,
warning,12,,"['warning',12],",,
finance,12,,"['finance',12],",,
power,12,,"['power',12],",,
german,12,,"['german',12],",,
r.a.a.f.,12,,"['r.a.a.f.',12],",,
russian,12,,"['russian',12],",,
budget,12,,"['budget',12],",,
naples,12,,"['naples',12],",,
house,12,,"['house',12],",,
conference,11,,"['conference',11],",,
offensive,11,,"['offensive',11],",,
cabinet,11,,"['cabinet',11],",,
china,11,,"['china',11],",,
victory,11,,"['victory',11],",,
problem,11,,"['problem',11],",,
fall,11,,"['fall',11],",,
sport,11,,"['sport',11],",,
germany,11,,"['germany',11],",,
week,11,,"['week',11],",,
north,11,,"['north',11],",,
moscow,11,,"['moscow',11],",,
federal,11,,"['federal',11],",,
cricket,11,,"['cricket',11],",,
view,11,,"['view',11],",,
campaign,11,,"['campaign',11],",,
wool,11,,"['wool',11],",,
life,10,,"['life',10],",,
india,10,,"['india',10],",,
control,10,,"['control',10],",,
fight,10,,"['fight',10],",,
public,10,,"['public',10],",,
inquiry,10,,"['inquiry',10],",,
,,,"['',],",,
,,,"['',],",,
30/10/1943,,,"['16009',],",,
correspondent,7,,"['correspondent',7],",,
staff,6,,"['staff',6],",,
news,5,,"['news',5],",,
guinea,2,,"['guinea',2],",,
song,2,,"['song',2],",,
land,2,,"['land',2],",,
price,2,,"['price',2],",,
herald,2,,"['herald',2],",,
gold,2,,"['gold',2],",,
oversea,2,,"['oversea',2],",,
a.j.c.,2,,"['a.j.c.',2],",,
taxi,2,,"['taxi',2],",,
demand,2,,"['demand',2],",,
christmas,2,,"['christmas',2],",,
national,2,,"['national',2],",,
unit,2,,"['unit',2],",,
australia,2,,"['australia',2],",,
races,2,,"['races',2],",,
warning,2,,"['warning',2],",,
bombers,2,,"['bombers',2],",,
enemy,2,,"['enemy',2],",,
line,2,,"['line',2],",,
retreat,2,,"['retreat',2],",,
weapon,2,,"['weapon',2],",,
a.a.p.,2,,"['a.a.p.',2],",,
plan,2,,"['plan',2],",,
berlin,2,,"['berlin',2],",,
u.s.,2,,"['u.s.',2],",,
exercise,2,,"['exercise',2],",,
setback,1,,"['setback',1],",,
alert,1,,"['alert',1],",,
quake,1,,"['quake',1],",,
anti-mosley,1,,"['anti-mosley',1],",,
labour,1,,"['labour',1],",,
m.p.s,1,,"['m.p.s',1],",,
house,1,,"['house',1],",,
admiral,1,,"['admiral',1],",,
kinkaid,1,,"['kinkaid',1],",,
co-ordination,1,,"['co-ordination',1],",,
bacon,1,,"['bacon',1],",,
lloyd,1,,"['lloyd',1],",,
ross,1,,"['ross',1],",,
thomas,1,,"['thomas',1],",,
crouch,1,,"['crouch',1],",,
court,1,,"['court',1],",,
building,1,,"['building',1],",,
republic,1,,"['republic',1],",,
public,1,,"['public',1],",,
disorderly,1,,"['disorderly',1],",,
rearguards,1,,"['rearguards',1],",,
white,1,,"['white',1],",,
russian,1,,"['russian',1],",,
many,1,,"['many',1],",,
squadron,1,,"['squadron',1],",,
r.a.a.f.,1,,"['r.a.a.f.',1],",,
imperialism,1,,"['imperialism',1],",,
fight,1,,"['fight',1],",,
assault,1,,"['assault',1],",,
changteh,1,,"['changteh',1],",,
offer,1,,"['offer',1],",,
wavell,1,,"['wavell',1],",,
coventrys,1,,"['coventrys',1],",,
living,1,,"['living',1],",,
cellars,1,,"['cellars',1],",,
reduce,1,,"['reduce',1],",,
rehabilitation,1,,"['rehabilitation',1],",,
ashes,1,,"['ashes',1],",,
german,1,,"['german',1],",,
admission,1,,"['admission',1],",,
reprisal,1,,"['reprisal',1],",,
club,1,,"['club',1],",,
bengal,1,,"['bengal',1],",,
jumping,1,,"['jumping',1],",,
jack,1,,"['jack',1],",,
soviet,1,,"['soviet',1],",,
island,1,,"['island',1],",,
bougainville,1,,"['bougainville',1],",,
blood,1,,"['blood',1],",,
heroism,1,,"['heroism',1],",,
m.p.,1,,"['m.p.',1],",,
dies,1,,"['dies',1],",,
strength,1,,"['strength',1],",,
rabaul,1,,"['rabaul',1],",,
neutral,1,,"['neutral',1],",,
solomons,1,,"['solomons',1],",,
activity,1,,"['activity',1],",,
field,1,,"['field',1],",,
hold-up,1,,"['hold-up',1],",,
williams,1,,"['williams',1],",,
girl,1,,"['girl',1],",,
water-hole,1,,"['water-hole',1],",,
fell,1,,"['fell',1],",,
season,1,,"['season',1],",,
wheat,1,,"['wheat',1],",,
electric,1,,"['electric',1],",,
shock,1,,"['shock',1],",,
farewell,1,,"['farewell',1],",,
maloney,1,,"['maloney',1],",,
counter-attack,1,,"['counter-attack',1],",,
beer,1,,"['beer',1],",,
,,,"['',],",,
30/11/1943,,,"['16040',],",,
correspondent,164,,"['correspondent',164],",,
news,138,,"['news',138],",,
staff,134,,"['staff',134],",,
u.s.,77,,"['u.s.',77],",,
army,62,,"['army',62],",,
christmas,61,,"['christmas',61],",,
herald,55,,"['herald',55],",,
sydney,51,,"['sydney',51],",,
home,50,,"['home',50],",,
women,49,,"['women',49],",,
a.a.p.,47,,"['a.a.p.',47],",,
plan,47,,"['plan',47],",,
enemy,45,,"['enemy',45],",,
britain,43,,"['britain',43],",,
australia,40,,"['australia',40],",,
turf,38,,"['turf',38],",,
attack,37,,"['attack',37],",,
italy,37,,"['italy',37],",,
land,36,,"['land',36],",,
meat,36,,"['meat',36],",,
oversea,36,,"['oversea',36],",,
conference,32,,"['conference',32],",,
food,32,,"['food',32],",,
holiday,31,,"['holiday',31],",,
morning,30,,"['morning',30],",,
australian,30,,"['australian',30],",,
nazi,29,,"['nazi',29],",,
raid,29,,"['raid',29],",,
advance,29,,"['advance',29],",,
party,28,,"['party',28],",,
editor,28,,"['editor',28],",,
labour,27,,"['labour',27],",,
minister,27,,"['minister',27],",,
russia,26,,"['russia',26],",,
policy,26,,"['policy',26],",,
price,25,,"['price',25],",,
dec.,25,,"['dec.',25],",,
action,24,,"['action',24],",,
japan,23,,"['japan',23],",,
peace,23,,"['peace',23],",,
control,22,,"['control',22],",,
dead,22,,"['dead',22],",,
city,22,,"['city',22],",,
service,22,,"['service',22],",,
front,22,,"['front',22],",,
battle,21,,"['battle',21],",,
r.a.a.f.,21,,"['r.a.a.f.',21],",,
strike,21,,"['strike',21],",,
warning,21,,"['warning',21],",,
first,21,,"['first',21],",,
offensive,21,,"['offensive',21],",,
pacific,21,,"['pacific',21],",,
churchill,20,,"['churchill',20],",,
year,20,,"['year',20],",,
vice-regal,20,,"['vice-regal',20],",,
guinea,19,,"['guinea',19],",,
russian,19,,"['russian',19],",,
house,19,,"['house',19],",,
report,19,,"['report',19],",,
ration,18,,"['ration',18],",,
germany,18,,"['germany',18],",,
shortage,18,,"['shortage',18],",,
union,18,,"['union',18],",,
cape,18,,"['cape',18],",,
market,18,,"['market',18],",,
record,18,,"['record',18],",,
curtin,18,,"['curtin',18],",,
kiev,17,,"['kiev',17],",,
charge,17,,"['charge',17],",,
council,17,,"['council',17],",,
threat,17,,"['threat',17],",,
gloucester,17,,"['gloucester',17],",,
death,17,,"['death',17],",,
profit,16,,"['profit',16],",,
boxing,16,,"['boxing',16],",,
king,16,,"['king',16],",,
poultry,16,,"['poultry',16],",,
fight,16,,"['fight',16],",,
plea,16,,"['plea',16],",,
state,16,,"['state',16],",,
output,16,,"['output',16],",,
world,16,,"['world',16],",,
transport,15,,"['transport',15],",,
american,15,,"['american',15],",,
production,15,,"['production',15],",,
london,15,,"['london',15],",,
post,15,,"['post',15],",,
appeal,15,,"['appeal',15],",,
north,15,,"['north',15],",,
macarthur,15,,"['macarthur',15],",,
german,15,,"['german',15],",,
government,15,,"['government',15],",,
visit,15,,"['visit',15],",,
a.l.p.,15,,"['a.l.p.',15],",,
finance,15,,"['finance',15],",,
future,14,,"['future',14],",,
n.s.w.,14,,"['n.s.w.',14],",,
berlin,14,,"['berlin',14],",,
demand,14,,"['demand',14],",,
hospital,14,,"['hospital',14],",,
,,,,,
,,,,,
,,,,,
30/06/1924,july,618,"['july',618],",,
30/06/1924,london,470,"['london',470],",,
30/06/1924,melbourne,261,"['melbourne',261],",,
30/06/1924,monday,247,"['monday',247],",,
30/06/1924,club,194,"['club',194],",,
30/06/1924,herald,183,"['herald',183],",,
30/06/1924,wednesday,169,"['wednesday',169],",,
30/06/1924,editor,158,"['editor',158],",,
30/06/1924,sydney,154,"['sydney',154],",,
30/06/1924,thursday,154,"['thursday',154],",,
30/06/1924,tuesday,150,"['tuesday',150],",,
30/06/1924,court,144,"['court',144],",,
30/06/1924,friday,143,"['friday',143],",,
30/06/1924,shipping,121,"['shipping',121],",,
30/06/1924,saturday,106,"['saturday',106],",,
30/06/1924,south,105,"['south',105],",,
30/06/1924,sunday,104,"['sunday',104],",,
30/06/1924,adelaide,102,"['adelaide',102],",,
30/06/1924,market,89,"['market',89],",,
30/06/1924,june,87,"['june',87],",,
30/06/1924,news,85,"['news',85],",,
30/06/1924,australia,83,"['australia',83],",,
30/06/1924,justice,82,"['justice',82],",,
30/06/1924,brisbane,78,"['brisbane',78],",,
30/06/1924,to-day,76,"['to-day',76],",,
30/06/1924,australian,75,"['australian',75],",,
30/06/1924,state,66,"['state',66],",,
30/06/1924,motor,65,"['motor',65],",,
30/06/1924,city,64,"['city',64],",,
30/06/1924,country,62,"['country',62],",,
30/06/1924,union,61,"['union',61],",,
30/06/1924,bill,58,"['bill',58],",,
30/06/1924,district,58,"['district',58],",,
30/06/1924,conference,56,"['conference',56],",,
30/06/1924,tennis,56,"['tennis',56],",,
30/06/1924,wellington,56,"['wellington',56],",,
30/06/1924,interstate,55,"['interstate',55],",,
30/06/1924,association,54,"['association',54],",,
30/06/1924,labour,52,"['labour',52],",,
30/06/1924,match,52,"['match',52],",,
30/06/1924,quarter,52,"['quarter',52],",,
30/06/1924,york,52,"['york',52],",,
30/06/1924,jury,51,"['jury',51],",,
30/06/1924,report,49,"['report',49],",,
30/06/1924,school,49,"['school',49],",,
30/06/1924,tournament,49,"['tournament',49],",,
30/06/1924,zealand,49,"['zealand',49],",,
30/06/1924,commercial,48,"['commercial',48],",,
30/06/1924,lawn,48,"['lawn',48],",,
30/06/1924,league,48,"['league',48],",,
30/06/1924,golf,47,"['golf',47],",,
30/06/1924,cricket,46,"['cricket',46],",,
30/06/1924,land,46,"['land',46],",,
30/06/1924,company,45,"['company',45],",,
30/06/1924,death,45,"['death',45],",,
30/06/1924,meeting,45,"['meeting',45],",,
30/06/1924,trade,45,"['trade',45],",,
30/06/1924,bank,44,"['bank',44],",,
30/06/1924,n.z.,44,"['n.z.',44],",,
30/06/1924,north,44,"['north',44],",,
30/06/1924,queensland,44,"['queensland',44],",,
30/06/1924,american,42,"['american',42],",,
30/06/1924,fire,42,"['fire',42],",,
30/06/1924,opera,42,"['opera',42],",,
30/06/1924,women,42,"['women',42],",,
30/06/1924,federal,41,"['federal',41],",,
30/06/1924,stock,41,"['stock',41],",,
30/06/1924,wagga,41,"['wagga',41],",,
30/06/1924,council,40,"['council',40],",,
30/06/1924,party,40,"['party',40],",,
30/06/1924,railway,40,"['railway',40],",,
30/06/1924,team,40,"['team',40],",,
30/06/1924,championship,39,"['championship',39],",,
30/06/1924,share,39,"['share',39],",,
30/06/1924,university,39,"['university',39],",,
30/06/1924,wheat,39,"['wheat',39],",,
30/06/1924,olympic,38,"['olympic',38],",,
30/06/1924,perth,38,"['perth',38],",,
30/06/1924,cable,37,"['cable',37],",,
30/06/1924,football,37,"['football',37],",,
30/06/1924,n.s.w.,37,"['n.s.w.',37],",,
30/06/1924,oversea,37,"['oversea',37],",,
30/06/1924,sales,36,"['sales',36],",,
30/06/1924,judge,35,"['judge',35],",,
30/06/1924,maitland,35,"['maitland',35],",,
30/06/1924,service,35,"['service',35],",,
30/06/1924,wireless,35,"['wireless',35],",,
30/06/1924,albury,34,"['albury',34],",,
30/06/1924,church,34,"['church',34],",,
30/06/1924,competition,34,"['competition',34],",,
30/06/1924,financial,34,"['financial',34],",,
30/06/1924,test,33,"['test',33],",,
30/06/1924,games,32,"['games',32],",,
30/06/1924,morning,32,"['morning',32],",,
30/06/1924,sheep,32,"['sheep',32],",,
30/06/1924,exchange,31,"['exchange',31],",,
30/06/1924,session,31,"['session',31],",,
30/06/1924,society,31,"['society',31],",,
30/06/1924,telegraphic,31,"['telegraphic',31],",,
30/06/1924,price,30,"['price',30],",,
,,,,,
,,,,,
29/02/1928,march,357,"['march',357]",,
29/02/1928,london,241,"['london',241]",,
29/02/1928,wednesday,124,"['wednesday',124]",,
29/02/1928,monday,114,"['monday',114]",,
29/02/1928,club,107,"['club',107]",,
29/02/1928,melbourne,96,"['melbourne',96]",,
29/02/1928,tuesday,89,"['tuesday',89]",,
29/02/1928,court,88,"['court',88]",,
29/02/1928,thursday,86,"['thursday',86]",,
29/02/1928,saturday,74,"['saturday',74]",,
29/02/1928,herald,70,"['herald',70]",,
29/02/1928,sydney,70,"['sydney',70]",,
29/02/1928,friday,67,"['friday',67]",,
29/02/1928,adelaide,65,"['adelaide',65]",,
29/02/1928,canberra,62,"['canberra',62]",,
29/02/1928,justice,61,"['justice',61]",,
29/02/1928,editor,58,"['editor',58]",,
29/02/1928,jury,49,"['jury',49]",,
29/02/1928,shipping,49,"['shipping',49]",,
29/02/1928,sunday,48,"['sunday',48]",,
29/02/1928,meeting,46,"['meeting',46]",,
29/02/1928,stock,42,"['stock',42]",,
29/02/1928,to-day,39,"['to-day',39]",,
29/02/1928,news,38,"['news',38]",,
29/02/1928,motor,37,"['motor',37]",,
29/02/1928,market,36,"['market',36]",,
29/02/1928,zealand,35,"['zealand',35]",,
29/02/1928,australia,34,"['australia',34]",,
29/02/1928,interstate,33,"['interstate',33]",,
29/02/1928,land,33,"['land',33]",,
29/02/1928,brisbane,32,"['brisbane',32]",,
29/02/1928,country,32,"['country',32]",,
29/02/1928,death,32,"['death',32]",,
29/02/1928,exchange,31,"['exchange',31]",,
29/02/1928,n.z.,30,"['n.z.',30]",,
29/02/1928,city,29,"['city',29]",,
29/02/1928,commission,29,"['commission',29]",,
29/02/1928,park,29,"['park',29]",,
29/02/1928,south,29,"['south',29]",,
29/02/1928,york,29,"['york',29]",,
29/02/1928,albury,28,"['albury',28]",,
29/02/1928,association,28,"['association',28]",,
29/02/1928,conference,28,"['conference',28]",,
29/02/1928,union,28,"['union',28]",,
29/02/1928,wellington,28,"['wellington',28]",,
29/02/1928,australian,27,"['australian',27]",,
29/02/1928,judge,27,"['judge',27]",,
29/02/1928,commercial,26,"['commercial',26]",,
29/02/1928,perth,26,"['perth',26]",,
29/02/1928,school,26,"['school',26]",,
29/02/1928,turf,26,"['turf',26]",,
29/02/1928,west,26,"['west',26]",,
29/02/1928,mascot,25,"['mascot',25]",,
29/02/1928,record,25,"['record',25]",,
29/02/1928,racing,24,"['racing',24]",,
29/02/1928,federal,23,"['federal',23]",,
29/02/1928,representative,23,"['representative',23]",,
29/02/1928,exhibition,22,"['exhibition',22]",,
29/02/1928,hill,22,"['hill',22]",,
29/02/1928,wheat,22,"['wheat',22]",,
29/02/1928,woman,22,"['woman',22]",,
29/02/1928,special,21,"['special',21]",,
29/02/1928,american,20,"['american',20]",,
29/02/1928,oversea,20,"['oversea',20]",,
29/02/1928,tour,20,"['tour',20]",,
29/02/1928,trade,20,"['trade',20]",,
29/02/1928,wool,20,"['wool',20]",,
29/02/1928,company,19,"['company',19]",,
29/02/1928,cricket,19,"['cricket',19]",,
29/02/1928,wagga,19,"['wagga',19]",,
29/02/1928,britain,18,"['britain',18]",,
29/02/1928,broken,18,"['broken',18]",,
29/02/1928,island,18,"['island',18]",,
29/02/1928,maitland,18,"['maitland',18]",,
29/02/1928,north,18,"['north',18]",,
29/02/1928,sales,18,"['sales',18]",,
29/02/1928,state,18,"['state',18]",,
29/02/1928,wireless,18,"['wireless',18]",,
29/02/1928,church,17,"['church',17]",,
29/02/1928,football,17,"['football',17]",,
29/02/1928,newcastle,17,"['newcastle',17]",,
29/02/1928,police,17,"['police',17]",,
29/02/1928,rose,17,"['rose',17]",,
29/02/1928,society,17,"['society',17]",,
29/02/1928,tournament,17,"['tournament',17]",,
29/02/1928,district,16,"['district',16]",,
29/02/1928,financial,16,"['financial',16]",,
29/02/1928,girl,16,"['girl',16]",,
29/02/1928,magistrate,16,"['magistrate',16]",,
29/02/1928,official,16,"['official',16]",,
29/02/1928,railway,16,"['railway',16]",,
29/02/1928,theatre,16,"['theatre',16]",,
29/02/1928,university,16,"['university',16]",,
29/02/1928,auckland,15,"['auckland',15]",,
29/02/1928,compensation,15,"['compensation',15]",,
29/02/1928,england,15,"['england',15]",,
29/02/1928,grafton,15,"['grafton',15]",,
29/02/1928,hospital,15,"['hospital',15]",,
29/02/1928,mrs.,15,"['mrs.',15]",,
29/02/1928,premier,15,"['premier',15]",,


1935-11-30,dec.,612
1935-11-30,london,413
1935-11-30,monday,220
1935-11-30,sunday,195
1935-11-30,melbourne,194
1935-11-30,thursday,192
1935-11-30,herald,184
1935-11-30,friday,183
1935-11-30,tuesday,175
1935-11-30,editor,166
1935-11-30,justice,146
1935-11-30,shipping,136
1935-11-30,wednesday,127
1935-11-30,christmas,122
1935-11-30,sydney,115
1935-11-30,court,108
1935-11-30,canberra,107
1935-11-30,special,104
1935-11-30,club,101
1935-11-30,death,92
1935-11-30,brisbane,90
1935-11-30,theatre,89
1935-11-30,representative,85
1935-11-30,mail,77
1935-11-30,title,76
1935-11-30,news,73
1935-11-30,judge,72
1935-11-30,australia,71
1935-11-30,wireless,71
1935-11-30,official,63
1935-11-30,country,62
1935-11-30,york,60
1935-11-30,adelaide,58
1935-11-30,gold,58
1935-11-30,wheat,58
1935-11-30,australian,53
1935-11-30,council,52
1935-11-30,south,49
1935-11-30,land,48
1935-11-30,league,48
1935-11-30,meeting,48
1935-11-30,year,48
1935-11-30,personal,46
1935-11-30,police,46
1935-11-30,to-day,46
1935-11-30,newcastle,45
1935-11-30,strike,45
1935-11-30,team,45
1935-11-30,zealand,45
1935-11-30,association,43
1935-11-30,fire,43
1935-11-30,trade,43
1935-11-30,nov.,42
1935-11-30,racing,42
1935-11-30,service,41
1935-11-30,woman,41
1935-11-30,women,41
1935-11-30,motor,40
1935-11-30,state,40
1935-11-30,week,40
1935-11-30,board,38
1935-11-30,grafton,38
1935-11-30,minister,38
1935-11-30,port,38
1935-11-30,park,37
1935-11-30,wool,37
1935-11-30,government,36
1935-11-30,report,36
1935-11-30,december,35
1935-11-30,lismore,35
1935-11-30,n.z.,35
1935-11-30,peace,35
1935-11-30,school,35
1935-11-30,chapter,34
1935-11-30,company,34
1935-11-30,party,34
1935-11-30,perth,34
1935-11-30,speech,34
1935-11-30,appeal,33
1935-11-30,hospital,33
1935-11-30,murder,33
1935-11-30,britain,32
1935-11-30,federal,32
1935-11-30,record,32
1935-11-30,jury,31
1935-11-30,north,31
1935-11-30,policy,31
1935-11-30,conference,30
1935-11-30,control,30
1935-11-30,market,30
1935-11-30,victoria,30
1935-11-30,water,30
1935-11-30,correspondent,29
1935-11-30,house,29
1935-11-30,john,29
1935-11-30,price,29
1935-11-30,quarter,29
1935-11-30,england,28
1935-11-30,morning,28
1935-11-30,oversea,28

